サウナ,電話番号
Snow Peak FIELD SUITE SPA HEADQUARTERS,+81 256-46-5650
サウナと天然温泉 じょんのび館,+81 256-72-4126
SHIIYA VILLAGE,""
サウナ宝来洲,+81 257-41-6270
Hostel Perch（パーチ）,""
Heidi Guest House,+81 257-89-2370
みつけ健幸の湯 ほっとぴあ,+81 258-86-1126
湯田上温泉 ホテル小柳,+81 256-57-5000
極楽湯 女池店,+81 252-82-2683
古町サウナ SAUNA KUMORI,""
サウナ＆酒場 弁天スタンド,+81 50-5499-1413
スパ＆ラウンジ長潟,+81 252-88-6226
ナステビュウ湯の山,+81 255-96-2619
七福の湯 上越店,+81 255-21-4126
秋葉温泉 花水,+81 250-24-1212
天然温泉 多宝の湯 ドーミーイン新潟,+81 252-47-7755
いい湯らてい,+81 256-41-3011
カーブドッチヴィネスパ,+81 256-77-2226
神の湯,+81 257-88-0111
プライベートサウナART,+81 258-75-3228
釜ぶたの湯,+81 255-20-8126
里山十帖 THE HOUSE SEN,+81 570-001-810
雪国の宿 高半,+81 257-84-3333
深層湯温泉 紫雲の郷,+81 254-41-1126
越後長岡ゆらいや,+81 258-31-5526
神の宮温泉 かわら亭,+81 255-72-7307
弥彦桜井郷温泉 さくらの湯,+81 256-94-1126
まつだい芝峠温泉 雲海,+81 255-97-3939
聖籠観音の湯 ざぶーん,+81 254-27-1126
ななほしサウナ,""
多宝温泉 だいろの湯,+81 256-82-1126
ハツカ石温泉 石打ユングパルナス,+81 257-83-7888
百花の里 城山温泉,+81 254-21-2626
越後妻有交流館キナーレ 明石の湯,+81 257-52-0117
極楽湯 松崎店,+81 252-79-2683
極楽湯 槇尾店,+81 252-64-2683
麻生の湯,+81 258-31-9300
うみてらす名立 名立の湯ゆらら,+81 255-31-6303
千手温泉 千年の湯,+81 257-68-2988
赤倉観光ホテル,+81 255-87-2501
ごまどう 湯っ多里館,+81 256-57-6301
VILLA VOIX,""
神湯温泉倶楽部,+81 257-99-3350
5yukuri,+81 250-62-4423
旬食・ゆ処・宿 喜芳,+81 258-42-4126
門前の湯,+81 255-31-2615
寺泊きんぱちの湯,+81 258-75-5888
金の湯,+81 252-73-3251
あてま高原リゾート ベルナティオ,+81 257-58-4888
加茂七谷温泉 美人の湯,+81 256-41-4122
安田温泉 ホテルやすらぎ,+81 250-68-1555
さくらんど温泉,+81 250-58-1611
桂の関温泉 ゆーむ,+81 254-64-1726
えちご川口温泉,+81 258-89-4511
HOT STASH sauna point.,+81 50-5539-0253
ひすいの湯,+81 255-53-2222
湯沢グランドホテル,+81 25-784-2351
道の駅ちぢみの里,+81 258-81-1717
みどり湯,+81 252-44-4613
ロイヤル胎内パークホテル,+81 254-48-2211
アルペンブリックスパ 日帰り温泉,+81 255-86-5130
ホテル エンゼルグランディア越後中里,+81 257-87-2811
じょんのび温泉 楽寿の湯（高柳じょんのび村）,+81 257-41-2222
アクアパークにいがた,+81 252-64-6400
NASPAニューオータニ,+81 257-80-6111
ふれあいパーク てまりの湯,+81 256-97-1755
湯けむりの宿 雪の花,+81 257-85-2177
ホテルグローバルビュー新潟,+81 252-44-5151
ミオンなかさと,+81 257-63-4811
SaunaParadise ロッテアライリゾート,""
花の湯館 新潟市小須戸温泉健康センター,+81 250-38-5800
やひこYYパーク,""
ryugon,+81 257-72-3470
SPAガーラの湯,+81 257-85-6543
宿場の湯,+81 257-89-5855
白玉の湯 華鳳,+81 254-32-1515
ゆ〜パーク薬師,+81 257-92-5554
クアハウスたいない,+81 254-47-2660
OJIYA SAUNA DEN,+81 258-84-7444
ゆったりの郷,+81 255-48-3911
寺泊岬温泉ホテル飛鳥,+81 258-41-6111
塩の湯温泉 サンセット中条,+81 254-45-3070
瀬波グランドホテル はぎのや,+81 254-53-1212
新穂潟上温泉,+81 259-22-4126
湯らりあ 六日町温泉公衆浴場,+81 257-70-0215
大江戸温泉物語Premium 汐美荘,""
ジェクサー・フィットネス＆スパ24新潟,+81 252-88-6947
白玉の湯 泉慶,+81 254-32-1111
星空温泉 ロッテアライリゾート,+81 255-75-1100
ホテル大佐渡,+81 259-74-3300
小松湯,+81 252-73-3265
ホテル志い屋,+81 259-27-2127
ビューさわた,+81 259-52-1126
松ヶ峯温泉 ひばり荘,+81 255-75-0200
越後平野と弥彦連山一望の宿 穂々,+81 256-82-4126
アクアーレ長岡,+81 258-47-5656
鵜の浜人魚館,+81 255-34-6211
アクアホテル 燕三条駅前店,+81 256-36-7700
見晴らしの湯こまみ,+81 257-92-8001
苗場プリンスホテル,+81 257-89-2211